<?xml version = "1.0" encoding = "utf-8" ?>
<component name = "MovieScreen" extends = "Group" initialFocus="buttonPlay">
  <interface>
    <function name="setData"/>
    <function name="getSelectedItem"/>
  </interface>
  <script type = "text/brightscript" uri="MovieScreen.brs">
  </script>
  <children >
    <Poster id = "poster" translation="[50, 100]" loadWidth="400" loadHeight="600" loadDisplayMode="scaleToFit"/>
    <Label id = "title" translation="[500, 100]" width="750" font="font:MediumBoldSystemFont" wrap="true"/>
    <Label id = "info" translation="[500, 150]" width="750" font="font:SmallestBoldSystemFont" text="Detail Information:"/>
    <Label id = "overview" translation="[500, 190]" width="750" height="340" font="font:SmallSystemFont" wrap="true"/>
    <Label id = "releaseDate" translation="[500, 550]" width="750" font="font:SmallBoldSystemFont"/>
    <Label id = "voteAverage" translation="[500, 590]" width="750" font="font:SmallBoldSystemFont"/>
    <Button id = "buttonPlay" translation="[500, 630]" height="75" text="Play Video"/>
  </children>
</component>
